c1_name,c2_name,c2_url,c3_sub_category_count,priority_score,is_top_20_percent
Peralatan Elektronik,Perlengkapan Elektronik Dapur,https://www.blibli.com/c2/perlengkapan-elektronik-dapur/PE-1000017,28,High,True
Home & Living,Perkakas Rumah Tangga,https://www.blibli.com/c2/perkakas-rumah-tangga/PE-1000010,17,High,True
Bliblimart,Kebutuhan Ibu & Anak,https://www.blibli.com/c2/kebutuhan-ibu-anak/KE-1000180,14,High,True
Bliblimart,Minuman,https://www.blibli.com/c2/minuman/MI-1000107,12,High,True
Kesehatan & Kecantikan,Perawatan Tubuh,https://www.blibli.com/c2/perawatan-tubuh/PE-1000099,12,High,True
Bliblimart,Perawatan Rumah Tangga,https://www.blibli.com/c2/perawatan-rumah-tangga/PE-1000640,9,High,True
Bliblimart,Sembako & Bumbu Masak,https://www.blibli.com/c2/sembako-bumbu-masak/MA-1000160,8,High,True
Kesehatan & Kecantikan,"Kesehatan Mulut & Gigi, Mata, Telinga",https://www.blibli.com/c2/kesehatan-mulut-gigi-mata-telinga/SO-1000039,7,High,True
Bliblimart,"Daging Segar, Seafood & Makanan Beku",https://www.blibli.com/c2/daging-segar-seafood-makanan-beku/DA-1000071,6,High,True
"Ticket, Vouchers & Travel",Voucher Kesehatan & Kecantikan,https://www.blibli.com/c2/voucher-kesehatan-kecantikan/VO-1000067,5,High,True
Bliblimart,Aneka Cemilan,https://www.blibli.com/c2/aneka-cemilan/AN-1000092,3,High,True
Kesehatan & Kecantikan,21+ Kesehatan Seksual,https://www.blibli.com/c2/21-kesehatan-seksual/KE-1000203,3,High,True
Bliblimart,Makanan & Minuman Halal,https://www.blibli.com/c2/makanan-minuman-halal/MA-1000330,2,High,True
Bliblimart,Sayuran & Buah - buahan,https://www.blibli.com/c2/sayuran-buah-buahan/SA-1000187,2,High,True
"Ticket, Vouchers & Travel",Kartu Uang Elektronik,https://www.blibli.com/c2/kartu-uang-elektronik/KA-1000283,1,High,True
Otomotif,Motor,https://www.blibli.com/c2/sepeda-motor/MO-1000008,44,Medium,True
Otomotif,Alat-alat Berat,https://www.blibli.com/c2/alat-alat-berat/AL-1000062,27,Medium,True
Otomotif,Aksesoris Motor,https://www.blibli.com/c2/aksesoris-motor/AK-1000072,22,Medium,True
"Mainan, Buku & Stationery",Buku,https://www.blibli.com/c2/buku/BU-1000002,21,Medium,True
Otomotif,Perawatan Kendaraan,https://www.blibli.com/c2/perawatan-kendaraan/PE-1000164,21,Medium,True
Otomotif,Suku Cadang Mobil,https://www.blibli.com/c2/suku-cadang-mobil/SU-1000014,21,Medium,True
Home & Living,Dekorasi,https://www.blibli.com/c2/dekorasi/DE-1000001,18,Medium,True
Otomotif,Suku Cadang Motor,https://www.blibli.com/c2/suku-cadang-motor/SU-1000012,17,Medium,True
Kesehatan & Kecantikan,Perangkat Kecantikan,https://www.blibli.com/c2/perangkat-kecantikan/PE-1000018,16,Medium,True
Home & Living,Perlengkapan Dapur,https://www.blibli.com/c2/perlengkapan-dapur/PE-1000012,15,Medium,True
Handphone & Tablet,Aksesoris Handphone & Tablet,https://www.blibli.com/c2/aksesoris-handphone-tablet/AK-1000001,14,Medium,True
Home & Living,Peralatan Taman & Luar Ruang,https://www.blibli.com/c2/peralatan-taman-luar-ruang/PE-1000009,14,Medium,True
Home & Living,Perlengkapan Kamar Mandi,https://www.blibli.com/c2/perlengkapan-kamar-mandi/PE-1000007,14,Medium,True
Komputer & Gaming,Peralatan Gaming,https://www.blibli.com/c2/peralatan-gaming/PE-1000004,14,Medium,True
Otomotif,Perlengkapan Berkendara,https://www.blibli.com/c2/perlengkapan-berkendara/KE-1000039,14,Medium,True
Bliblimart,Menu Restoran,https://www.blibli.com/c2/menu-restoran/ME-1000155,13,Medium,True
"Mainan, Buku & Stationery",Stationery,https://www.blibli.com/c2/stationery/ST-1000002,13,Medium,True
Fashion Muslim,Perlengkapan Ibadah,https://www.blibli.com/c2/perlengkapan-ibadah/PE-1001087,12,Medium,True
Home & Living,Perlengkapan Kamar Tidur,https://www.blibli.com/c2/perlengkapan-kamar-tidur/PE-1000006,12,Medium,False
Otomotif,Official Merchandise Automotive,https://www.blibli.com/c2/official-merchandise-automotive/OF-1000007,12,Medium,False
Komputer & Gaming,Aksesoris Komputer,https://www.blibli.com/c2/aksesoris-komputer/AK-1000002,11,Medium,False
Olahraga & Aktivitas Luar Ruang,Perlengkapan Olahraga,https://www.blibli.com/c2/perlengkapan-olahraga/GO-1000001,11,Medium,False
Fashion Wanita,Aneka Aksesoris Wanita,https://www.blibli.com/c2/aksesoris-fashion-wanita/AK-1000074,10,Medium,False
Fashion Wanita,Tas Wanita,https://www.blibli.com/c2/tas-wanita/TA-1000023,10,Medium,False
Olahraga & Aktivitas Luar Ruang,Pakaian Olahraga Wanita,https://www.blibli.com/c2/pakaian-olahraga-wanita/FI-1000006,10,Medium,False
Otomotif,Peralatan Kendaraan,https://www.blibli.com/c2/peralatan-kendaraan/PE-1000180,10,Medium,False
Fashion Wanita,Fashion Anak,https://www.blibli.com/c2/fashion-anak/FA-1000073,9,Medium,False
Fashion Wanita,Sepatu Wanita,https://www.blibli.com/c2/sepatu-sandal-wanita/SE-1000025,9,Medium,False
Home & Living,Furniture Kamar Tidur,https://www.blibli.com/c2/furniture-kamar-tidur/FU-1000004,9,Medium,False
Home & Living,Furniture Ruang Keluarga,https://www.blibli.com/c2/furniture-ruang-keluarga/FU-1000001,9,Medium,False
Kesehatan & Kecantikan,Fitness Supplement,https://www.blibli.com/c2/fitness-supplement/GY-1000002,9,Medium,False
"Mainan, Buku & Stationery",Mainan Edukasi dan Seni,https://www.blibli.com/c2/mainan-edukasi-dan-seni/PE-1000025,9,Medium,False
Olahraga & Aktivitas Luar Ruang,Pakaian Olahraga Pria,https://www.blibli.com/c2/pakaian-olahraga-pria/BE-1000006,9,Medium,False
Olahraga & Aktivitas Luar Ruang,Sepatu Olahraga Pria,https://www.blibli.com/c2/sepatu-olahraga-pria/LA-1000013,9,Medium,False
Olahraga & Aktivitas Luar Ruang,Sepatu Olahraga Wanita,https://www.blibli.com/c2/sepatu-olahraga-wanita/OL-1000005,9,Medium,False
Peralatan Elektronik,Audio,https://www.blibli.com/c2/audio/AU-1000001,9,Medium,False
Fashion Muslim,Aksesoris Muslim,https://www.blibli.com/c2/aksesoris-muslim/AK-1000371,8,Medium,False
Fashion Pria,Aneka Aksesoris Pria,https://www.blibli.com/c2/aneka-aksesoris-pria/AK-1000025,8,Medium,False
Fashion Pria,Pakaian Pria,https://www.blibli.com/c2/baju-atasan-formal-pria/BA-1000008,8,Medium,False
Fashion Pria,Sepatu & Sandal Pria,https://www.blibli.com/c2/sepatu-sandal-pria/SE-1000008,8,Medium,False
Fashion Wanita,Pakaian,https://www.blibli.com/c2/pakaian-wanita/PA-1000010,8,Medium,False
Home & Living,Furniture Kantor,https://www.blibli.com/c2/furniture-kantor/FU-1000005,8,Medium,False
Home & Living,Perlengkapan Ruang Makan,https://www.blibli.com/c2/perlengkapan-ruang-makan/PE-1000013,8,Medium,False
Kamera,Aksesoris Kamera,https://www.blibli.com/c2/aksesoris-kamera-digital/AK-1000004,8,Medium,False
"Mainan, Buku & Stationery",Action Figure & Statue,https://www.blibli.com/c2/action-figure-statue/AC-1000004,8,Medium,False
"Mainan, Buku & Stationery",Majalah,https://www.blibli.com/c2/majalah/MA-1000002,8,Medium,False
"Ticket, Vouchers & Travel",Jasa,https://www.blibli.com/c2/jasa/JA-1000128,8,Medium,False
Fashion Muslim,Hijab & Jilbab,https://www.blibli.com/c2/hijab-jilbab/HI-1000101,7,Medium,False
Handphone & Tablet,Wearable Gadget,https://www.blibli.com/c2/wearable-gadget/WE-1000001,7,Medium,False
Home & Living,Furniture Ruang Makan & Dapur,https://www.blibli.com/c2/furniture-ruang-makan-dapur/FU-1000006,7,Medium,False
Kesehatan & Kecantikan,Kutek & Perawatan Kuku,https://www.blibli.com/c2/kutek-perawatan-kuku/KU-1000018,7,Medium,False
Kesehatan & Kecantikan,Perawatan Rambut,https://www.blibli.com/c2/perawatan-rambut/PE-1000100,7,Medium,False
Kesehatan & Kecantikan,Perawatan Wajah,https://www.blibli.com/c2/perawatan-wajah/PE-1000098,7,Medium,False
Komputer & Gaming,Komputer,https://www.blibli.com/c2/komputer/KO-1000005,7,Medium,False
Komputer & Gaming,Media Penyimpanan,https://www.blibli.com/c2/media-penyimpanan/ME-1000002,7,Medium,False
Logam Mulia & Perhiasan,Perhiasan Emas & Berlian,https://www.blibli.com/c2/perhiasan-emas-berlian/PE-1000538,7,Medium,False
"Mainan, Buku & Stationery",Aneka Boneka,https://www.blibli.com/c2/aneka-boneka/AN-1000004,7,Medium,False
Peralatan Elektronik,"Cooling, Heating & Air Quality",https://www.blibli.com/c2/cooling-heating-air-quality/PE-1000014,7,Medium,False
Peralatan Elektronik,Home Appliances,https://www.blibli.com/c2/home-appliances/HO-1000004,7,Medium,False
Bliblimart,Perawatan Kulit Tubuh,https://www.blibli.com/c2/perawatan-kulit-tubuh/PE-1000641,6,Medium,False
Fashion Muslim,Dress Muslim Wanita,https://www.blibli.com/c2/dress-muslim-wanita/DR-1000065,6,Medium,False
Fashion Pria,Baju Batik & Etnik,https://www.blibli.com/c2/baju-batik-etnik-pria/BA-1000011,6,Medium,False
Fashion Pria,Luxury,https://www.blibli.com/c2/luxury/LU-1000054,6,Medium,False
Home & Living,Furniture Anak,https://www.blibli.com/c2/furniture-anak/FU-1000003,6,Medium,False
Home & Living,Hobby & Interest,https://www.blibli.com/c2/hobby-interest/HO-1000003,6,Medium,False
Kesehatan & Kecantikan,Pengharum & Parfum,https://www.blibli.com/c2/pengharum-parfum/PE-1000104,6,Medium,False
Kesehatan & Kecantikan,Peralatan Medis,https://www.blibli.com/c2/peralatan-medis/PE-1000102,6,Medium,False
Kesehatan & Kecantikan,Vitamin & Suplemen,https://www.blibli.com/c2/vitamin-suplemen/VI-1000052,6,Medium,False
Olahraga & Aktivitas Luar Ruang,Tas Olahraga,https://www.blibli.com/c2/tas-olahraga/OL-1000028,6,Medium,False
Peralatan Elektronik,Smart Home & Security,https://www.blibli.com/c2/smart-home-security/SM-1000028,6,Medium,False
Bliblimart,Kuliner Internasional,https://www.blibli.com/c2/kuliner-internasional/KU-1000077,5,Medium,False
Bliblimart,"Roti, Sereal & Selai",https://www.blibli.com/c2/roti-sereal-selai/RO-1000049,5,Medium,False
Fashion Muslim,Pakaian Muslim Anak Perempuan,https://www.blibli.com/c2/pakaian-muslim-anak-perempuan/PA-1000341,5,Medium,False
Fashion Muslim,Pakaian Muslim Pria,https://www.blibli.com/c2/pakaian-muslim-pria/PA-1000339,5,Medium,False
Fashion Pria,Celana Pria,https://www.blibli.com/c2/bawahan-pria/BA-1000016,5,Medium,False
Fashion Wanita,Batik & Etnik Wanita,https://www.blibli.com/c2/batik-etnik-wanita/BA-1000026,5,Medium,False
Fashion Wanita,Pakaian Ibu Hamil & Menyusui,https://www.blibli.com/c2/pakaian-ibu-hamil-menyusui/PA-1000050,5,Medium,False
Handphone & Tablet,Handphone,https://www.blibli.com/c2/handphone/HA-1000002,5,Medium,False
Home & Living,Furniture Jepara,https://www.blibli.com/c2/furniture-jepara/FU-1000051,5,Medium,False
Kesehatan & Kecantikan,Alat Penata Rambut,https://www.blibli.com/c2/alat-penata-rambut/PR-1000013,5,Medium,False
Kesehatan & Kecantikan,Diet & Nutrisi,https://www.blibli.com/c2/diet-nutrisi/OB-1000001,5,Medium,False
Kesehatan & Kecantikan,Make Up,https://www.blibli.com/c2/make-up/MA-1000015,5,Medium,False
Kesehatan & Kecantikan,Perawatan Pria,https://www.blibli.com/c2/perawatan-pria/PE-1000105,5,Medium,False
"Mainan, Buku & Stationery",Hobi & Koleksi,https://www.blibli.com/c2/hobi-koleksi/HO-1000072,5,Medium,False
"Mainan, Buku & Stationery",Model Kit,https://www.blibli.com/c2/model-kit/MO-1000004,5,Medium,False
Olahraga & Aktivitas Luar Ruang,Pakaian Olahraga Lainnya,https://www.blibli.com/c2/pakaian-olahraga-lainnya/BA-1000025,5,Medium,False
"Ticket, Vouchers & Travel",Voucher Belanja,https://www.blibli.com/c2/voucher-belanja/VO-1000052,5,Medium,False
Fashion Muslim,Baju Olahraga Muslim,https://www.blibli.com/c2/baju-olahraga-muslim/BA-1000523,4,Medium,False
Fashion Muslim,Bawahan Muslim Wanita,https://www.blibli.com/c2/bawahan-muslim-wanita/BA-1000513,4,Medium,False
Fashion Muslim,Outwear Muslim Wanita,https://www.blibli.com/c2/outwear-muslim-wanita/OU-1000016,4,Medium,False
Fashion Pria,Tas Pria,https://www.blibli.com/c2/tas-dompet-pria/TA-1000013,4,Medium,False
Fashion Wanita,Luxury,https://www.blibli.com/c2/luxury/LU-1000053,4,Medium,False
Home & Living,Hewan Peliharaan & Pet Supplies,https://www.blibli.com/c2/hewan-peliharaan-pet-supplies/HE-1000002,4,Medium,False
Home & Living,Jam,https://www.blibli.com/c2/jam/JA-1000003,4,Medium,False
Kamera,Kamera Digital,https://www.blibli.com/c2/kamera-digital/KA-1000002,4,Medium,False
Kamera,Tas & Case,https://www.blibli.com/c2/tas-case/TA-1000006,4,Medium,False
Komputer & Gaming,Perlengkapan Kantor,https://www.blibli.com/c2/perlengkapan-kantor/PE-1000005,4,Medium,False
Logam Mulia & Perhiasan,Logam Mulia,https://www.blibli.com/c2/logam-mulia/LO-1000028,4,Medium,False
"Mainan, Buku & Stationery","Sepeda, Skuter & Ride-On",https://www.blibli.com/c2/sepeda-skuter-ride-on/BI-1000003,4,Medium,False
"Mainan, Buku & Stationery","TCG, Games & Puzzles",https://www.blibli.com/c2/tcg-games-puzzles/GA-1000005,4,Medium,False
Otomotif,Audio & Video Mobil,https://www.blibli.com/c2/audio-video-mobil/AU-1000005,4,Medium,False
"Ticket, Vouchers & Travel",Edukasi,https://www.blibli.com/c2/edukasi/ED-1000027,4,Medium,False
"Ticket, Vouchers & Travel",Tiket Atraksi & Hiburan,https://www.blibli.com/c2/tiket-atraksi-hiburan/TI-1000110,4,Medium,False
"Ticket, Vouchers & Travel",Tour & Travel Essentials,https://www.blibli.com/c2/tour-travel/TO-1000064,4,Medium,False
"Ticket, Vouchers & Travel",Voucher Makan,https://www.blibli.com/c2/voucher-makan/VO-1000054,4,Medium,False
Bliblimart,21+,https://www.blibli.com/c2/21/21-1000002,3,Medium,False
Bliblimart,Telur,https://www.blibli.com/c2/telur/TE-1000100,3,Medium,False
Fashion Muslim,Atasan Muslim Wanita,https://www.blibli.com/c2/atasan-muslim-wanita/AT-1000004,3,Medium,False
Fashion Muslim,Pakaian Muslim Anak Laki,https://www.blibli.com/c2/pakaian-muslim-anak-laki/PA-1000337,3,Medium,False
Fashion Pria,Pakaian Dalam & Tidur,https://www.blibli.com/c2/pakaian-dalam-tidur-pria/PA-1000005,3,Medium,False
Handphone & Tablet,Tablet,https://www.blibli.com/c2/tablet/TA-1000003,3,Medium,False
Home & Living,Travelling,https://www.blibli.com/c2/travelling/TR-1000004,3,Medium,False
Jam Tangan,Aksesoris Jam Tangan,https://www.blibli.com/c2/aksesoris-jam-tangan/AK-1000005,3,Medium,False
Kamera,Kamera Video,https://www.blibli.com/c2/kamera-video/KA-1000004,3,Medium,False
Kesehatan & Kecantikan,P3K,https://www.blibli.com/c2/p3k/OB-1000002,3,Medium,False
Kesehatan & Kecantikan,Salon Profesional & Spa,https://www.blibli.com/c2/salon-profesional-spa/SA-1000007,3,Medium,False
Komputer & Gaming,Multimedia,https://www.blibli.com/c2/multimedia/MU-1000001,3,Medium,False
Komputer & Gaming,Printer & Refill,https://www.blibli.com/c2/printer-refill/PR-1000001,3,Medium,False
"Mainan, Buku & Stationery",Diecast & Remote Control,https://www.blibli.com/c2/die-cast-r-c/DI-1000005,3,Medium,False
"Mainan, Buku & Stationery",Mainan Bayi & Balita,https://www.blibli.com/c2/mainan-bayi-balita/MA-1000338,3,Medium,False
"Mainan, Buku & Stationery",Permainan Aksi & Luar Ruang,https://www.blibli.com/c2/permainan-aksi-luar-ruang/PE-1000026,3,Medium,False
Olahraga & Aktivitas Luar Ruang,Aksesoris Olahraga,https://www.blibli.com/c2/aksesoris-olahraga/BA-1000024,3,Medium,False
Olahraga & Aktivitas Luar Ruang,Pakaian Olahraga Anak,https://www.blibli.com/c2/pakaian-olahraga-anak/PA-1000515,3,Medium,False
Olahraga & Aktivitas Luar Ruang,Sepatu Olahraga Anak,https://www.blibli.com/c2/sepatu-olahraga-anak/SE-1000581,3,Medium,False
Otomotif,Mobil,https://www.blibli.com/c2/mobil/MO-1000063,3,Medium,False
Peralatan Elektronik,"Kulkas, Chiller & Freezer",https://www.blibli.com/c2/kulkas-chiller-freezer/KU-1000002,3,Medium,False
Peralatan Elektronik,Televisi & Aksesoris,https://www.blibli.com/c2/televisi-aksesoris/TE-1000002,3,Medium,False
Fashion Muslim,Baju Bayi Muslim,https://www.blibli.com/c2/baju-bayi-muslim/BA-1000530,2,Medium,False
Fashion Muslim,Baju Muslim Set,https://www.blibli.com/c2/baju-muslim-set/BA-1000516,2,Medium,False
Fashion Muslim,Homewear Muslim Wanita,https://www.blibli.com/c2/homewear-muslim-wanita/HO-1000069,2,Medium,False
Fashion Wanita,Baju Tidur & Pakaian Dalam Wanita,https://www.blibli.com/c2/baju-tidur-pakaian-dalam-wanita/BA-1000375,2,Medium,False
Home & Living,Apartemen,https://www.blibli.com/c2/apartemen/AP-1000012,2,Medium,False
Jam Tangan,Jam Tangan Pria,https://www.blibli.com/c2/jam-tangan-pria/JA-1000008,2,Medium,False
Jam Tangan,Jam Tangan Wanita,https://www.blibli.com/c2/jam-tangan-wanita/JA-1000033,2,Medium,False
Kamera,Baterai Kamera,https://www.blibli.com/c2/baterai-kamera/BA-1000003,2,Medium,False
Komputer & Gaming,Facsimile & Refill,https://www.blibli.com/c2/facsimile-refill/FA-1000003,2,Medium,False
Komputer & Gaming,Scanner,https://www.blibli.com/c2/scanner/SC-1000001,2,Medium,False
"Mainan, Buku & Stationery",Building Sets & Blocks,https://www.blibli.com/c2/building-sets-blocks/BU-1000004,2,Medium,False
Olahraga & Aktivitas Luar Ruang,Sandal Olahraga,https://www.blibli.com/c2/sandal-olahraga/HI-1000005,2,Medium,False
Otomotif,Aksesoris Mobil,https://www.blibli.com/c2/aksesoris-mobil/IN-1000054,2,Medium,False
Otomotif,Asuransi Kendaraan,https://www.blibli.com/c2/asuransi-kendaraan/AS-1000001,2,Medium,False
Peralatan Elektronik,Mesin Cuci & Pengering,https://www.blibli.com/c2/mesin-cuci-pengering/ME-1000003,2,Medium,False
"Ticket, Vouchers & Travel",Donasi & Qurban,https://www.blibli.com/c2/donasi-qurban/BL-1000121,2,Medium,False
"Ticket, Vouchers & Travel",Event,https://www.blibli.com/c2/event/TI-1000102,2,Medium,False
"Ticket, Vouchers & Travel",Investasi & Asuransi,https://www.blibli.com/c2/investasi-asuransi/AS-1000040,2,Medium,False
Home & Living,Rumah,https://www.blibli.com/c2/rumah/RU-1000049,1,Medium,False
Kamera,Flash Kamera,https://www.blibli.com/c2/flash-kamera/FL-1000003,1,Medium,False
Kamera,Lensa Kamera,https://www.blibli.com/c2/lensa-kamera/LE-1000001,1,Medium,False
"Ticket, Vouchers & Travel",Media Digital,https://www.blibli.com/c2/media-digital/DI-1000076,1,Medium,False
Jam Tangan,Jam Tangan Premium,https://www.blibli.com/c2/jam-tangan-premium/JA-1000315,0,Medium,False
Kesehatan & Kecantikan,Pembalut & Produk Kewanitaan,https://www.blibli.com/c2/pembalut-produk-kewanitaan/PE-1000118,0,Medium,False
